model,n_train,seed,roc_auc,accuracy,log_loss,brier,fit_s,predict_s
logreg,200,0,0.8779521817819691,0.8315,0.35822136901053453,0.11538543537961776,0.017580839001311688,0.009769416999915848
lgbm,200,0,0.7954842005905836,0.79575,0.44099539875890625,0.14230998348669896,1.5331186299954425,0.011076718998083379
tabpfn,200,0,0.8810775985244069,0.833,0.3517520252911071,0.11331895349385879,0.07594995500039659,31.256159168999147
logreg,200,1,0.8905619203491544,0.83625,0.3436564613587642,0.10931279815675139,0.012295376000110991,0.010415778997412417
lgbm,200,1,0.7621893158063371,0.79325,0.4623176688455641,0.1484141060302219,4.85648307700103,0.004711143999884371
tabpfn,200,1,0.8991581153283282,0.8415,0.33136464989731257,0.10636116090531227,0.06870101800086559,29.21490587000153
logreg,200,2,0.8878850700127296,0.83225,0.36701027970612954,0.11617040530713231,0.01319180200152914,0.012506605999078602
lgbm,200,2,0.8180399899548836,0.80125,0.4219343789924395,0.13438865832695243,1.7451689170011377,0.008877715001290198
tabpfn,200,2,0.8957969847331548,0.8465,0.3364122389359446,0.10809442432263909,0.06468760300049325,29.89394185799756
logreg,500,0,0.888055490608682,0.842,0.34405426618152657,0.10964486383650315,0.021014779998949962,0.014607748998969328
lgbm,500,0,0.8702688800561141,0.82725,0.39549417265805553,0.1247927678524023,11.427354202998686,0.01043182700232137
tabpfn,500,0,0.9013018817274138,0.851,0.32229040221509603,0.10310220431858208,0.07820229699791525,55.31564719599919
logreg,500,1,0.8929696308419713,0.83975,0.33896255902293615,0.10862795387611655,0.01489415700052632,0.015427670998178655
lgbm,500,1,0.8815885139289394,0.841,0.3476236046433145,0.11076052160761264,5.266168850001122,0.01631602199995541
tabpfn,500,1,0.9004563600308282,0.8445,0.32728264001903346,0.10521146096426047,0.0755738419975387,56.7658330459999
logreg,500,2,0.8897971059673189,0.83075,0.3496787730520558,0.11297126255944315,0.013855392000550637,0.014343331000418402
lgbm,500,2,0.8584184137375628,0.808,0.38444122750271503,0.12677918306828906,4.340531355002895,0.0111762060005276
tabpfn,500,2,0.9033067484131314,0.846,0.32471657641426066,0.10421530102775464,0.07377149400053895,55.032576614998106
logreg,1000,0,0.8967701486850423,0.8485,0.33177764553020406,0.10566152748255266,0.02076191499872948,0.012837995000154478
lgbm,1000,0,0.8939298054191671,0.841,0.3430156918837001,0.10933298016169278,5.346659098002419,0.018141337000997737
tabpfn,1000,0,0.9011567471141938,0.85075,0.32426036916110296,0.10358185183024125,0.08300393999888911,104.85749750200193
logreg,1000,1,0.898716476588817,0.841,0.33063580450241925,0.10645337947439752,0.017413743000361137,0.013585565000539646
lgbm,1000,1,0.88787017552975,0.83625,0.34447451749715047,0.11128933096138041,48.88583654100148,0.019664014002046315
tabpfn,1000,1,0.9048450367599304,0.848,0.31749484291596525,0.1023826099999996,0.080345391001174,106.0878360860006
logreg,1000,2,0.8964978913915084,0.8365,0.33480103221259594,0.10807726655386618,0.023313150002650218,0.0162599159993988
lgbm,1000,2,0.8908752240667135,0.8385,0.34200057384011645,0.10980228222306053,4.921608592998382,0.014777799002331449
tabpfn,1000,2,0.9060684626642073,0.8525,0.3172552443173026,0.10182196042421651,0.07385911199889961,103.94077181200191
logreg,2000,0,0.8974171927363418,0.84875,0.3308670445320105,0.10508429145843419,0.028133649000665173,0.01437387099940679
lgbm,2000,0,0.9048564674096589,0.85325,0.31927517406118433,0.10161324812619316,9.609490029997687,0.019318645001476398
tabpfn,2000,0,0.9054245360628339,0.85375,0.3156694962739213,0.10068677918022646,0.09034287100075744,219.03641009299827
logreg,2000,1,0.8993184908078524,0.83875,0.33095036877818645,0.10645648999881228,0.03287933400133625,0.012982942000235198
lgbm,2000,1,0.9048391482434035,0.84875,0.319981411297386,0.10204090988087872,7.195069829002023,0.020736697002575966
tabpfn,2000,1,0.9090248443439932,0.8465,0.31087033137284276,0.10018802940223863,0.08694376400308101,217.4130716849977
logreg,2000,2,0.8999454446262956,0.84225,0.32886487174826,0.10564855787697047,0.030842945001495536,0.015956362996803364
lgbm,2000,2,0.9047788775448349,0.8535,0.3182250616079925,0.10155292536883073,9.24064535999787,0.01721840699974564
tabpfn,2000,2,0.9092226292226292,0.853,0.3123976102466053,0.1000876178588854,0.08926319900274393,215.6272191229982
logreg,5000,0,0.9036784177209709,0.8455,0.32175785540395374,0.10290542432377339,0.06527261200244538,0.016331950999301625
lgbm,5000,0,0.910594999956702,0.8605,0.3094128986534114,0.09765983467101848,46.7434112009978,0.016305412002111552
tabpfn,5000,0,0.9139240900943029,0.85525,0.30270902324611204,0.09693286055094243,0.12447192699983134,755.6028133500004
logreg,5000,1,0.9046548723144466,0.84775,0.3210888576553254,0.10248002864872008,0.0450910700019449,0.012027169999782927
lgbm,5000,1,0.9198829224361139,0.86625,0.2907617211645047,0.09203749533389408,15.915795987999445,0.03373328299858258
tabpfn,5000,1,0.9135292131036812,0.85225,0.3031727702639874,0.0970929825077041,0.13248110499989707,735.6875345389999
logreg,10000,0,0.9053587232310636,0.85225,0.3196553350360839,0.10196250168398169,0.07079445200361079,0.013993206004670355
lgbm,10000,0,0.9214513461321971,0.866,0.2879314273720662,0.09083866632635755,41.62415431700356,0.02349996099655982
lgbm,32561,0,0.9303594592956295,0.874,0.2713331982429653,0.08607696013391544,1.0337497410000651,0.023937056001159362
logreg,32561,0,0.9070837121900951,0.8515,0.31681359566012496,0.10128819108133996,0.2088438899954781,0.01187725699855946
logreg,200,3,0.8926152807003871,0.83825,0.34350807955049095,0.10937759827165723,0.01652859299974807,0.012384191999444738
lgbm,200,3,0.7753754362265001,0.76825,0.6849929881089645,0.18165090372297837,1.4225627719988552,0.015594223999869428
tabpfn,200,3,0.8912640393491458,0.8425,0.33870107650219133,0.10810480208079477,0.08996968899919011,32.538928501000555
logreg,200,4,0.8774343387109345,0.8265,0.36150072483625123,0.11705342945222943,0.013409662999038119,0.019849721000355203
lgbm,200,4,0.7549239255622235,0.78425,0.47168496091081163,0.15280385325219123,1.38673537700015,0.008035626000491902
tabpfn,200,4,0.8914929987270412,0.83525,0.3387739828219131,0.10923456517589426,0.08882823900057701,33.5316749829999
logreg,200,5,0.8816896578598705,0.83375,0.3546460771623449,0.11336942011234782,0.010826943000211031,0.018712474000494694
lgbm,200,5,0.8037033573203786,0.78625,1.2791855242200663,0.18774604196386718,1.520750895000674,0.01065675000063493
tabpfn,200,5,0.8719930030568327,0.83675,0.3582505301638852,0.11379699211313943,0.07960248099880118,32.446649404999334
logreg,200,6,0.8785597381342064,0.829,0.3591779344836256,0.11521104188148565,0.012715864000711008,0.016337297998688882
lgbm,200,6,0.796642679621403,0.785,0.613922047227579,0.1668907198416602,1.8607986710012483,0.024757252000199514
tabpfn,200,6,0.8959232414551563,0.84275,0.32872634197504513,0.1056890985891325,0.07935688699944876,32.60587862400098
logreg,200,7,0.8745811792620304,0.826,0.3691311554782438,0.11884617564830674,0.01488471399898117,0.017839250000179163
lgbm,200,7,0.7538203482884335,0.76425,0.4905156089782257,0.16101908171620521,1.3629526879994955,0.01159969199943589
tabpfn,200,7,0.8767879874262853,0.83925,0.3566559779105888,0.11410075431908302,0.061958550999406725,34.19406494000032
logreg,200,8,0.8871122888144165,0.83825,0.35912480228451393,0.114743212873694,0.015530343000136781,0.016599788001258275
lgbm,200,8,0.8366144493804069,0.82675,0.4003713297145378,0.12615087451911294,71.5639965620012,0.011644271999102784
tabpfn,200,8,0.8899093341646533,0.83875,0.35399637410346035,0.1099171681535455,0.07313625599999796,34.29860138500044
logreg,200,9,0.8679614475359156,0.816,0.3926193714930444,0.1259820632058553,0.016174150001461385,0.0171647489987663
lgbm,200,9,0.7470762649486054,0.7545,0.5078296664709588,0.16598646423185648,1.5512867030010966,0.01870969000083278
tabpfn,200,9,0.8500856432771327,0.793,0.4097002035075337,0.13504683508770857,0.09313220200056094,34.95178645699889
logreg,500,3,0.891742394721118,0.8355,0.3442865935880428,0.11034471912092458,0.020577920999130583,0.018411074999676202
lgbm,500,3,0.8761457927415375,0.83225,0.4561128823512911,0.12637980169741714,48.44908944499912,0.027617404997727135
tabpfn,500,3,0.8937195507408273,0.8405,0.3452354955964459,0.10782843674317684,0.09642045999862603,59.73142328600079
logreg,500,4,0.879370275114956,0.8315,0.36448845929341267,0.11738416085117113,0.01187796299927868,0.010204804999375483
lgbm,500,4,0.8579587630651461,0.8195,0.3952650239521208,0.1264231041778851,2.161493043004157,0.006795703000534559
tabpfn,500,4,0.8955394487309382,0.84175,0.3322553617314912,0.10737030173421251,0.08611471699987305,63.96038060800129
logreg,500,5,0.8925227963525837,0.83725,0.3432529111660136,0.10987706478467293,0.01551728800041019,0.01628690800134791
lgbm,500,5,0.883403042977511,0.83625,0.3543226594017865,0.1135110274391694,30.765511528999923,0.022891114000231028
tabpfn,500,5,0.896363148278042,0.8415,0.33321238242832785,0.10719333857917251,0.10328772600041702,66.61901015200056
logreg,500,6,0.8970029182795141,0.845,0.3374962199507169,0.10741133741949677,0.025911446999089094,0.01738893899891991
lgbm,500,6,0.8853730981390556,0.83225,0.352172728365852,0.1126243146989112,13.28949665699838,0.010623810001561651
tabpfn,500,6,0.9010635699997401,0.84125,0.331169420615602,0.10704593910107447,0.09391940400018939,66.25472213399917
logreg,500,7,0.8909290866737676,0.839,0.34089639042248965,0.10915354858162013,0.018931142996734707,0.021241084003122523
lgbm,500,7,0.865909992292971,0.82125,0.38192778069387723,0.12272361425206853,3.4065744380022807,0.014028200999746332
tabpfn,500,7,0.8992429792429792,0.846,0.32462575708245206,0.10412602654959792,0.08997745400120039,73.29156004700053
logreg,500,8,0.8885380025805558,0.8375,0.34639816348661256,0.11051136409993338,0.01978562699878239,0.01392633800060139
lgbm,500,8,0.890161501225331,0.851,0.3434228410497717,0.10850564670260983,6.103267705999315,0.026362574000813765
tabpfn,500,8,0.9040299967959542,0.8465,0.32180533586356735,0.10305467815422491,0.10262974400029634,72.24622972399811
logreg,500,9,0.8847849392530243,0.8315,0.35370886878235064,0.11361155990327242,0.01553315800265409,0.013972963999549393
lgbm,500,9,0.8631765082828913,0.82175,0.37791033696161114,0.12231903637737093,4.597787609000079,0.010021746998972958
tabpfn,500,9,0.8968996960486322,0.84175,0.32753387639310505,0.10597231278407258,0.09232245599923772,75.08042796999871
logreg,1000,3,0.8956405926618692,0.84,0.3338453744497284,0.10716538721033939,0.018285999998624902,0.016831854998599738
lgbm,1000,3,0.8789203231756423,0.82875,0.44955612871670375,0.12849095506963218,9.96563868100202,0.05478991700147162
tabpfn,1000,3,0.9051734081521315,0.8485,0.31783088428013523,0.10205163082841016,0.1018556550006906,150.75944863199766
logreg,1000,4,0.8918033581863369,0.8355,0.3436175451714222,0.11070474717412591,0.02219311800217838,0.019821983001747867
lgbm,1000,4,0.8789747053576842,0.838,0.3756245412337056,0.11686216459902045,6.302115581998805,0.029630554003233556
tabpfn,1000,4,0.9000831319980257,0.843,0.3276897611067516,0.10497532533076236,0.11018068699922878,145.82551052300187
logreg,1000,5,0.8979031685414665,0.84575,0.33051753937083206,0.10562837847326219,0.021988177999446634,0.01870322100148769
lgbm,1000,5,0.8992090336771188,0.84975,0.32988781801545003,0.10527324271197992,4.816523681001854,0.02137766899977578
tabpfn,1000,5,0.9024040734679033,0.84475,0.32143489275650083,0.1033185988325087,0.1214937539989478,142.9937825449997
logreg,1000,6,0.8988176205197482,0.84375,0.329500561514361,0.1052464951916761,0.018616287998156622,0.012989974999072729
lgbm,1000,6,0.8968557053663436,0.84825,0.33183217255888725,0.10539751868623867,21.329624350000813,0.008941988002334256
tabpfn,1000,6,0.9013271677101464,0.8465,0.3223862364341958,0.10378625218720713,0.10036839199892711,146.66898614300226
logreg,1000,7,0.9013559175261302,0.85175,0.3261496824438863,0.10366291619302737,0.017155036999611184,0.010208710002189036
lgbm,1000,7,0.8907898405770748,0.84325,0.3519247038808699,0.11041817275954587,11.512075396996806,0.02173725399916293
tabpfn,1000,7,0.9058294581698838,0.84725,0.31602768974534656,0.10059986462319667,0.0919137100027001,131.1822172780012
logreg,1000,8,0.8945467141211821,0.84575,0.33555380563365056,0.10668842171490087,0.0182915290024539,0.020923706997564295
lgbm,1000,8,0.9014078750248963,0.849,0.32349999194802126,0.10293985639233195,5.388729771002545,0.03803019800034235
tabpfn,1000,8,0.9066749798664693,0.8505,0.314457634618381,0.10065694415570346,0.09968442399986088,135.07107570899825
logreg,1000,9,0.9007601382069467,0.845,0.3297303772920445,0.10516379597129365,0.018393026999547146,0.01117113900181721
lgbm,1000,9,0.8957507425592532,0.8405,0.3363440130915011,0.10835612619885512,111.30215369399957,0.027125325999804772
tabpfn,1000,9,0.906002303449112,0.85,0.315078832289498,0.1011788015091551,0.09490846900007455,143.47538665400134
logreg,2000,3,0.9047525524121269,0.8505,0.3206700173370559,0.10230263650725974,0.033626774998992914,0.019079200999840396
lgbm,2000,3,0.9093419582781285,0.8565,0.3129498411316381,0.0990069416177763,12.058161862001725,0.028460333996918052
tabpfn,2000,3,0.9117824019951678,0.8495,0.306956253285474,0.09817875175419198,0.1099795920017641,292.1923466420012
logreg,2000,4,0.900491691129989,0.8425,0.32908260024103575,0.10563156745348966,0.02744415800043498,0.015223173999402206
lgbm,2000,4,0.8950236839598542,0.84225,0.3392277630435551,0.10764128532096814,9.106392745004996,0.01800329999969108
tabpfn,2000,4,0.9048017388442919,0.84575,0.3171523767391011,0.10199355282302483,0.1229122010008723,293.9715791799972
logreg,2000,5,0.9006596870426657,0.849,0.3259215995319262,0.10367703396544585,0.024726234998524887,0.016454025000712136
lgbm,2000,5,0.9064422102719976,0.856,0.3167441478263441,0.1007478011117421,8.726322222995805,0.026488561001315247
tabpfn,2000,5,0.9095191333489205,0.853,0.3098706234429733,0.09917063923930956,0.1076923539985728,328.223480329998
logreg,2000,6,0.9014310827076785,0.84825,0.32520769285883877,0.10416792659359873,0.061610199001734145,0.023004278998996597
lgbm,2000,6,0.9039477307562415,0.84925,0.32207556592290515,0.10264739848433571,151.22981757600064,0.00809588599804556
tabpfn,2000,6,0.9090567116099031,0.8525,0.31000742072633136,0.09997186113858371,0.10639190299843904,305.5948738929983
logreg,2000,7,0.9039683405640853,0.851,0.3223397169925136,0.10223492237983706,0.02580004000265035,0.012125036999350414
lgbm,2000,7,0.9076644238346365,0.85125,0.3168449799588275,0.10022072972010306,9.467534677998628,0.022612708002270665
tabpfn,2000,7,0.9095506542315052,0.85225,0.30986514514899943,0.09858811137441063,0.12933737800267409,297.5659372900009
logreg,2000,8,0.9015249525887824,0.8475,0.32539505256795387,0.10376939231897987,0.031732685998576926,0.020776062996446854
lgbm,2000,8,0.9095009482243526,0.85775,0.310197980461423,0.09823711594453295,200.8834567110025,0.03273628799797734
tabpfn,2000,8,0.9101346565176353,0.857,0.3102826099473694,0.09859182986600644,0.11824603999775718,321.1124080940026
logreg,2000,9,0.903649321521662,0.84825,0.3222795491404901,0.10300848280427688,0.04447751499901642,0.024294822000229033
lgbm,2000,9,0.9112678495657219,0.8555,0.3091576536123007,0.09815777038556014,152.9578016739979,0.015211283000098774
tabpfn,2000,9,0.9119919639068574,0.8535,0.3055960017084533,0.09815261110055448,0.11027618799926131,313.40158668000004
logreg,5000,2,0.9039229643484963,0.84575,0.3220958294580218,0.10299063990760647,0.07440991399926133,0.02189291200193111
lgbm,5000,2,0.9102822158141306,0.8585,0.30822933879029507,0.09750988733460209,19.719971407004778,0.038551854999241186
tabpfn,5000,2,0.9114076152374024,0.85625,0.307538353095446,0.09825147959902188,0.1711609869998938,1159.5822870709999
logreg,5000,3,0.9058547441526166,0.8515,0.3180701883260166,0.10142473723556757,0.04964771500090137,0.014121259999228641
lgbm,5000,3,0.911766121978888,0.8585,0.3071983297660836,0.09681981934689964,35.42579767400093,0.03218807000303059
tabpfn,5000,3,0.9142614674529569,0.85975,0.301473952290768,0.09650192207598295,0.19164412999816705,1219.3353906409975
logreg,5000,4,0.9029572476380987,0.8485,0.32365707923834736,0.1034427955049116,0.07189172799917287,0.028111682000599103
lgbm,5000,4,0.9040729483282673,0.851,0.3214316605557214,0.102371714095433,375.4247128450006,0.017974760998185957
tabpfn,5000,4,0.9103277652213824,0.8545,0.30791085480677727,0.09868913611089046,0.1887007379991701,1152.6074315469996
logreg,10000,1,0.9059635085167002,0.84975,0.31840171948152124,0.10195573836063519,0.1088946029994986,0.020587634997355053
lgbm,10000,1,0.9256704682236596,0.86975,0.28059428887499444,0.08874789067275225,1040.7640920880003,0.03395455999998376
logreg,10000,2,0.9054945054945055,0.84775,0.31934068841966623,0.10217456151415248,0.1326336040001479,0.022425768001994584
lgbm,10000,2,0.9213630183842949,0.86875,0.28758115012081004,0.0909756847839521,25.548900216999755,0.02875599599792622
logreg,10000,3,0.9045270568674824,0.85025,0.3202105791932718,0.10236868646450634,0.1408552620014234,0.02374667099866201
lgbm,10000,3,0.9212511365702856,0.87025,0.2910900958435284,0.09161951934987829,34.46940673199788,0.045471502002328634
logreg,10000,4,0.9058291117865586,0.84925,0.3185718110675753,0.10191553839320278,0.14206394700158853,0.024143439000908984
lgbm,10000,4,0.9163144814208644,0.86025,0.2989517383914424,0.09519575012486722,589.1012633799983,0.01724441600163118
